channelid,url
channelid,url
channelid2,url2
channelid3,url3
channelid4,url4
channelid,url
channelid,url
channelid2,url2
channelid3,url3
channelid4,url4
channelid,url
channelid,url
channelid2,url2
channelid3,url3
channelid4,url4
channelid,url
channelid,url
channelid2,url2
channelid3,url3
channelid4,url4
channelid,url
channelid,url
channelid2,url2
channelid3,url3
channelid4,url4
channelid,url
channelid,url
channelid2,url2
channelid3,url3
channelid4,url4
channelid,url
channelid,url
channelid2,url2
channelid3,url3
channelid4,url4
